1501	Residency study
1502	See the process
1503	RESIDENCY · INTERNATIONAL
1504	From your country of origin to your destination
1505	The process
1506	One plan, from one country to another
1507	We coordinate your departure and arrival so that no country claims what it isn't owed. And we don't stop there:
1508	after the move we remain your accountants
1509	in your new country.
1510	PHASE 01 · BEFORE YOU MOVE
1511	We study your case in both countries and decide when and how you move.
1512	Residency study at origin and destination
1513	Best date for the move
1514	Applicable double tax treaty
1515	Regime for new residents at destination
1516	What to sell or reorganise before and what after
1517	Deregistering as a tax resident
1518	Final return as a resident
1519	Exit tax, if your country applies one
1520	Cutting ties: home, business, banks and insurance
1521	PHASE 02 · LEAVING
1522	Leaving your home country
1523	We close your residency at origin so they don't keep claiming taxes from you.
1524	PHASE 03 · ARRIVING
1525	Arriving in your destination country
1526	We register you in your new country, open your accounts and activate your tax advantages.
1527	Registration as a tax resident
1528	Tax identification number
1529	Opening your bank accounts
1530	Applying for the special regime, if applicable
1531	Tax residency certificate
1532	Returns in both countries in the year of the move
1533	Income you still earn at origin
1534	Tracking days and ties
1535	Defence if any tax authority reviews your departure
1536	PHASE 04 · THE FIRST YEAR
1537	The most scrutinised year: we stay by your side until the move is consolidated.
1538	PHASE 05 · FROM HERE ON
1539	We don't just handle the move: we remain your accountants in your new country.
1540	Taxes and returns every year
1541	Bookkeeping for your business or company
1542	Anything still declared in your country of origin
1543	Advice whenever your situation changes
1544	Beyond taxes
1545	Everything that moves with you
1546	Changing country isn't just changing tax authority. Your accounts, your companies and your assets move too.
1547	We take care of it all.
1548	We open your accounts at destination and
1549	update your residency
1550	with your banks back home.
1551	Corporate restructuring
1552	If you run your company from another country,
1553	it may become taxable there
1554	. We adapt the structure.
1555	Assets at origin
1556	Property and investments you leave behind,
1557	without paying twice
1558	on them.
1559	Documents and evidence
1560	Certificates and evidence to
1561	prove the move
1562	if you are asked.
1563	Heirs in different countries,
1564	without paying the tax twice
1565	What you need to know
1566	The rules that decide where you pay tax
1567	Each country has its own rules, but almost all look at the same things. These are the key points we review in your case.
1568	What makes you tax resident
1569	Days of presence
1570	In many countries, spending more than 183 days a year makes you resident.
1571	Permanent home
1572	Having a home available counts, even if you barely use it.
1573	Centre of economic interests
1574	Where your business, your income and your assets are.
1575	Family
1576	If your partner or children stay behind, you are presumed to have stayed too.
1577	If two countries consider you resident at the same time
1578	It happens mostly in the year of the move. If there is a treaty, it is decided in this order:
1579	Where do you have a home available?
1580	Centre of vital interests
1581	Where are your family and your business?
1582	Habitual abode
1583	Where do you spend more time?
1584	Nationality
1585	Which country are you a national of?
1586	Without a treaty,
1587	you may end up paying twice
1588	Four risks when changing country
1589	Dual residency in the year of the move
1590	Two countries may claim the same income that year.
1591	Exit tax
1592	Some countries tax your capital gains when you leave, as if you had sold.
1593	Citizenship-based taxation
1594	US citizens and green card holders file in the US wherever they live.
1595	Extended residency
1596	Moving to a tax haven can keep you resident for several years.
1597	Mistakes we see often
1598	Thinking that spending 183 days abroad is enough
1599	Not deregistering as a tax resident in your home country
1600	Not requesting the residency certificate at destination
1601	Running your company from the new country without reviewing it
1602	Not updating your residency with your banks
1603	Moving while your family stays behind
1604	Who it's for
1605	We support anyone who moves, wherever they come from
1606	Each profile has its own risks and opportunities.
1607	We start by understanding yours.
1608	Digital nomads and remote professionals
1609	A clear tax residency, wherever you work from.
1610	Business owners with companies
1611	Your company, reorganised so the move doesn't cost you more than it should.
1612	Assigned workers
1613	Contract, payroll and special regimes for new arrivals.
1614	Investors and people living off their income
1615	Where each type of income is taxed, without double taxation.
1616	Retirees
1617	Pension, savings and home: where each is taxed.
1618	Families
1619	Together or in stages, we plan each person's residency.
1620	Service
1621	Start with the study. If you like, we do the rest with you
1622	With the study you know what suits you before moving anything. With full-service support,
1623	we take care of the whole move
1624	Know what suits you before moving anything.
1625	Analysis of your residency at origin and destination
1626	Applicable treaty and double taxation risks
1627	Best date and a step-by-step plan
1628	Numbers compared in both countries
1629	Presentation session included
1630	All-inclusive
1631	Full-service support
1632	We handle the whole move, from one country to another.
1633	Everything in the residency study
1634	Leaving your home country and arriving at your destination
1635	Opening bank accounts
1636	Restructuring your companies
1637	First-year follow-up in both countries
1638	Request a quote
1639	And after the move,
1640	we carry on as your accountants in your new country
1641	. Prefer to talk it over first?
1642	When do I stop being tax resident in my country?
1643	It depends on each country: some count days and others look at your home, your family or where your income comes from. Leaving isn't enough: you have to stop meeting their criteria and, in many cases, notify them. It's the first thing we analyse in the study.
1644	Can I be resident in two countries at once?
1645	Yes, and it's common in the year of the move. If there is a double tax treaty between the two countries, the treaty decides which one prevails. If there isn't, the risk of paying twice is real. That's why it's planned before you move.
1646	Do I have to close my accounts in my home country?
1647	Not necessarily. Often it's enough to switch them to non-resident accounts and update your residency with the bank. We tell you which ones are worth keeping and which aren't.
1648	What happens to my company if I move?
1649	If you run it from the new country, it may come to be considered resident there or end up taxed in both. We review the structure and propose the best option: keep it, move it or reorganise it.
1650	And my property back home?
1651	You can keep it. It will usually still be taxed in the country where it is located, as a non-resident, and the treaty prevents you paying twice on the same income. We plan everything before the move.
1652	How far in advance should I start?
1653	Ideally 6 to 12 months before the move: it gives you time to choose the date, reorganise companies and open accounts without rushing. If you have already moved, we also help you put things in order.
1654	A residency change is planned
1655	you pack your bags
1656	Tell us where you're leaving from and where you're going. We'll tell you what you need, in what order and how much it costs.
1657	REQUEST A STUDY
1658	Tell us your route and we'll tell you what you need and how much it costs.
1659	A specialist international tax adviser will review your case and contact you within 24 hours with the next steps and a fixed price.
1660	What are you interested in?
1661	Choose the service you are interested in.
1662	Residency study · from 299 €
1663	Nationality(ies)
1664	Enter your nationality or nationalities.
1665	E.g. Mexican and Spanish
1666	What do you need?
1667	Select at least one thing you need.
1668	Accounting in the new country
1669	Are you moving with your family?
1670	Tell us whether you are moving with your family.
1671	I'm moving alone
1672	With my family
1673	My family is staying behind
1674	In many countries, a family staying behind creates a presumption that
1675	you are still resident
1676	. We'll take it into account in the study.
1677	In which countries?
1678	Tell us in which countries you have companies.
1679	E.g. Mexico and the USA (LLC)
1680	Any details we should know: property, investments, dates…
1681	International Structures | NomoTax
1682	International structures in 13 jurisdictions: operating company, holding, EU company from home and annual compliance, with 100% remote incorporation.
1683	across borders
1684	We design and incorporate the structure that fits your business and your residency.
1685	Incorporation and compliance, from start to finish.
1686	100&nbsp;% remote incorporation
1687	Annual compliance and accounting
1688	STRUCTURES · 13 JURISDICTIONS
1689	EU company from home
1690	What we set up
1691	The structure that fits your business
1692	From a company to invoice through to a group with a holding.
1693	We tell you which makes sense and leave it up and running.
1694	Invoice clients all over the world from the right jurisdiction.
1695	Transparent company
1696	LLC or LLP: taxed at member level, not at company level.
1697	See LLC in the USA
1698	Group your companies and reinvest profits from a single point.
1699	Asset-holding company
1700	Your investments, organised within a structure.
1701	Review of your structure
1702	If you already have one, we check it still makes sense.
1703	EU residents
1704	Your company in another EU country, without leaving home
1705	We incorporate your company in countries such as Lithuania, Latvia or Ireland in a few days, 100&nbsp;% remotely and at low cost.
1706	In most cases, with no notary and no travel.
1707	We choose the country and type of company with you.
1708	You sign online with your electronic certificate or ID, valid throughout the EU (eIDAS).
1709	We handle all the paperwork and your company is incorporated in days.
1710	Incorporation in days
1711	Fully remote, handled by us
1712	Sign with your electronic ID
1713	Lithuania, Latvia, Ireland and more
1714	Set up my EU company
1715	From diagnosis to a working company
1716	Diagnosis
1717	Your residency, your activity and where your clients are.
1718	Design
1719	Jurisdiction and company type, with the numbers compared.
1720	Incorporation
1721	We set up the company remotely and leave it operational.
1722	Compliance and accounting
1723	Bookkeeping, taxes and obligations, every year.
1724	Your residency rules.
1725	If your country taxes its residents' foreign companies, the profits may be taxed there anyway. That's why we start with you.
1726	See tax residency change
1727	We analyse your case in depth and deliver the recommended structure, backed by numbers.
1728	Also available
1729	Your company in any of our 13 jurisdictions.
1730	New company
1731	For EU residents, remotely and in days.
1732	Bookkeeping, taxes and obligations for your company.
1733	Compliance for my company
1734	Which jurisdiction suits me?
1735	It depends on where you live, your activity and where your clients are. If you're not sure, start with the free consultation; if you want the numbers, with the tax study.
1736	Do I have to travel to incorporate the company?
1737	In most cases, no: we handle everything remotely. If a country requires you to be present, we tell you before we start.
1738	What is eIDAS?
1739	It's the European system that lets you use your national electronic identity, such as your ID card or electronic certificate, for procedures in other EU countries. With it you sign the incorporation without travelling.
1740	How long does it take?
1741	It depends on the country: in the United Kingdom, one day; an EU company from home, a few days. Before we start we give you the exact timeframe for your jurisdiction.
1742	Can I have a company abroad if I live in another country?
1743	Yes, but your tax residency rules. Many countries tax their residents' foreign companies or consider that a company is resident where it is managed. That's why we start with your case.
1744	Who handles the bookkeeping and taxes?
1745	We do. With annual compliance we take care of your company's bookkeeping, returns and obligations every year.
1746	you start invoicing
1747	E.g. Colombia
1748	Review my structure
1749	Jurisdiction
1750	Tell us the jurisdiction you are interested in (or say you're not sure yet).
1751	Tell us your activity.
1752	E.g. software, e-commerce…
1753	Annual turnover
1754	Enter your expected annual turnover.
1755	Not invoicing yet
1756	Under 50.000 €
1757	50.000 € to 250.000 €
1758	250.000 € to 1 M€
1759	Over 1 M€
1760	Companies you already have, partners, timelines…
1761	Request a service
1762	Tell us about your case and we'll send you a fixed price.
1763	A specialist international tax adviser will review your case and contact you within 24 hours with a proposal and a fixed price.
1764	Tell us what you need.
1765	EU company from home · from 490 €
1766	Country of residence in the EU
1767	Enter your country of residence in the EU.
1768	E.g. Italy
1769	Where do you want the company?
1770	Tell us where you want the company.
1771	Latvia
1772	Ireland
1773	Do you have an electronic certificate or ID?
1774	Tell us whether you have an electronic certificate or ID.
1775	If you don't have one, we'll explain how to get it in your country.
1776	Where are your clients?
1777	Tell us where your clients are.
1778	In my country
1779	In the EU
1780	In the USA
1781	Worldwide
1782	Tell us what the company does or will do.
1783	Digital Nomads | NomoTax
1784	Tax for digital nomads: a clear tax residency, visas, a structure to invoice from, bank accounts and ongoing accounting wherever you are.
1785	Digital
1786	nomads
1787	You work from anywhere. We make sure you pay tax where you should,
1788	and only in one place.
1789	A clear tax residency
1790	A structure to invoice from
1791	NOMADS · REMOTE
1792	Digital nomad visa
1793	Company to invoice from
1794	Ongoing accounting
1795	What almost nobody tells you
1796	The myth of being “resident nowhere”
1797	Travelling doesn't free you from paying tax.
1798	If you don't plan it, more than one country can claim tax from you.
1799	You are always resident somewhere
1800	If you don't close your residency properly, your home country may keep claiming from you.
